Time,PORT__AdcVc
0,1037
200,1007
400,950
600,1024
800,1027
1000,1059
1200,1045
1400,984
1600,987
1800,1029
2000,966
2200,1016
2400,1004
2600,1016
2800,1045
3000,1005
3200,1005
3400,1030
3600,968
3800,1039
4000,969
4200,951
4400,957
4600,958
4800,1022
5000,1002
5200,1004
5400,971
5600,1026
5800,1010
6000,1029
6200,1025
6400,951
6600,943
6800,1016
7000,886
7200,1029
7400,911
7600,974
7800,953
8000,938
8200,941
8400,919
8600,936
8800,988
9000,1017
9200,1013
9400,961
9600,1022
9800,1038
10000,1024
10200,1012
10400,917
10600,1028
10800,984
11000,979
11200,977
11400,962
11600,1034
11800,1018
12000,1015
12200,976
12400,942
12600,1033
12800,1007
13000,938
13200,993
13400,1023
13600,1040
13800,1065
14000,1046
14200,1032
14400,960
14600,1040
14800,1023
15000,1047
15200,1048
15400,999
15600,1053
15800,1035
16000,1016
16200,1048
16400,1009
16600,1038
16800,1008
17000,1033
17200,1041
17400,996
17600,1049
17800,1026
18000,1010
18200,1034
18400,987
18600,962
18800,1053
19000,1090
19200,1125
19400,1128
19600,1108
19800,1056
20000,1074
20200,1074
20400,1049
20600,1034
20800,1050
21000,1039
21200,1035
21400,1037
21600,1013
21800,1015
22000,1036
22200,1009
22400,1017
22600,973
22800,1032
23000,1038
23200,1024
23400,1037
23600,1020
23800,1029
24000,1045
24200,1046
24400,1055
24600,1012
24800,1042
25000,1023
25200,1014
25400,934
25600,1036
25800,1001
26000,1025
26200,1030
26400,1020
26600,1013
26800,984
27000,999
27200,977
27400,895
27600,957
27800,968
28000,989
28200,1003
28400,915
28600,1010
28800,1009
29000,989
29200,1001
29400,992
29600,1020
29800,1027
30000,1013
30200,988
30400,935
30600,1031
30800,961
31000,1050
31200,1007
31400,993
31600,1003
31800,972
32000,994
32200,1012
32400,1000
32600,1056
32800,974
33000,1080
33200,1035
33400,1045
33600,994
33800,985
34000,990
34200,1015
34400,1046
34600,1068
34800,1050
35000,1024
35200,1000
35400,1015
35600,1027
35800,1035
36000,1039
36200,1034
36400,984
36600,1073
36800,1038
37000,1113
37200,1056
37400,1032
37600,1071
37800,1030
38000,1036
38200,1012
38400,1005
38600,1066
38800,1067
39000,1068
39200,1006
39400,979
39600,1069
39800,1050
40000,1021
40200,1012
40400,947
40600,1024
40800,1013
41000,1005
41200,1027
41400,1040
41600,1000
41800,1017
42000,1044
42200,1002
42400,1021
42600,991
42800,1003
43000,958
43200,1063
43400,1050
43600,1058
43800,1043
44000,993
44200,965
44400,1010
44600,981
44800,954
45000,1054
45200,1002
45400,961
45600,1028
45800,1015
46000,1003
46200,990
46400,925
46600,1006
46800,994
47000,1017
47200,1018
47400,967
47600,993
47800,972
48000,955
48200,958
48400,940
48600,972
48800,1014
49000,947
49200,1021
49400,1026
49600,995
49800,976
50000,972
50200,962
50400,980
50600,973
50800,983
51000,892
51200,1032
51400,1064
51600,1019
51800,997
52000,984
52200,1017
52400,1020
52600,1035
52800,1050
53000,1016
53200,1024
53400,1028
53600,1067
53800,1040
54000,1032
54200,1018
54400,1004
54600,992
54800,984
55000,988
55200,1037
55400,1056
55600,1029
55800,971
56000,1045
56200,1030
56400,1044
56600,1067
56800,1099
57000,1068
57200,1069
57400,1032
57600,1032
57800,1024
58000,1047
58200,1012
58400,973
58600,1019
58800,1042
59000,1041
59200,1073
59400,1056
59600,1063
59800,1052
60000,1075
60200,1067
60400,989
60600,1080
60800,1060
61000,1045
61200,1046
61400,1044
61600,1030
61800,998
62000,998
62200,1024
62400,980
62600,986
62800,1020
63000,956
63200,1031
63400,1000
63600,1000
63800,971
64000,988
64200,1008
64400,994
64600,1000
64800,904
65000,977
65200,975
65400,899
65600,976
65800,993
66000,1005
66200,1027
66400,989
66600,1059
66800,1029
67000,986
67200,943
67400,921
67600,902
67800,921
68000,932
68200,930
68400,948
68600,952
68800,934
69000,927
69200,932
69400,955
69600,1001
69800,1006
70000,1011
70200,1028
70400,949
70600,1020
70800,914
71000,1034
71200,1009
71400,960
71600,996
71800,993
72000,1010
72200,981
72400,978
72600,1020
72800,1024
73000,1012
73200,1003
73400,1013
73600,1026
73800,1020
74000,1003
74200,1013
74400,1036
74600,1063
74800,999
75000,1067
75200,1028
75400,1026
75600,1040
75800,1034
76000,1044
76200,1032
76400,1004
76600,1063
76800,1026
77000,1056
77200,1068
77400,1030
77600,1017
77800,1006
78000,1000
78200,1019
78400,969
78600,1064
78800,1066
79000,1036
79200,1012
79400,1000
79600,1031
79800,1003
80000,990
80200,1034
80400,971
80600,1047
80800,984
81000,1065
81200,1054
81400,1073
81600,998
81800,984
82000,985
82200,986
82400,1032
82600,1019
82800,989
83000,1102
83200,1067
83400,1008
83600,1022
83800,1048
84000,1015
84200,1003
84400,1014
84600,1033
84800,1038
85000,1031
85200,1022
85400,1010
85600,991
85800,987
86000,972
86200,962
86400,999
86600,1025
86800,956
87000,1025
87200,1037
87400,953
87600,992
87800,994
88000,977
88200,958
88400,960
88600,976
88800,905
89000,997
89200,1013
89400,1004
89600,976
89800,992
90000,985
90200,987
90400,895
90600,969
90800,997
91000,1025
91200,1022
91400,981
91600,1014
91800,1021
92000,1034
92200,988
92400,973
92600,1009
92800,1018
93000,1032
93200,1028
93400,1003
93600,1049
93800,1022
94000,1018
94200,1052
94400,1041
94600,1028
94800,1032
95000,1057
95200,1037
95400,1014
95600,1087
95800,1071
96000,1015
96200,1045
96400,977
96600,1019
96800,1063
97000,1029
97200,1021
97400,1003
97600,1034
97800,1047
98000,1058
98200,1048
98400,1048
98600,1078
98800,998
99000,1113
99200,1120
99400,1056
99600,1130
99800,1122
100000,1100
100200,1083
100400,1041
100600,1020
100800,965
101000,1054
101200,987
101400,974
101600,1037
101800,1000
102000,1044
102200,1046
102400,1013
102600,1018
102800,1015
103000,1001
103200,998
103400,991
103600,1027
103800,984
104000,1018
104200,989
104400,1011
104600,960
104800,982
105000,963
105200,994
105400,957
105600,1024
105800,1043
106000,1029
106200,1015
106400,947
106600,1029
106800,916
107000,1028
107200,969
107400,890
107600,982
107800,1003
108000,1007
108200,1015
108400,938
108600,1011
108800,1003
109000,984
109200,975
109400,997
109600,1002
109800,970
110000,1013
110200,1026
110400,987
110600,1042
110800,950
111000,1026
111200,986
111400,975
111600,972
111800,973
112000,977
112200,1026
112400,1051
112600,1015
112800,989
113000,989
113200,975
113400,976
113600,986
113800,991
114000,982
114200,972
114400,976
114600,1042
114800,1050
115000,1021
115200,1040
115400,988
115600,1009
115800,1013
116000,1056
116200,1050
116400,1057
116600,1032
116800,981
117000,1082
117200,1056
117400,1038
117600,1033
117800,1039
118000,1045
118200,1045
118400,999
118600,1066
118800,1004
119000,1118
119200,1081
119400,1003
119600,1063
119800,1035
120000,1053
120200,1063
120400,1010
120600,1080
120800,1052
121000,1049
121200,1040
121400,1032
121600,1002
121800,1015
122000,1015
122200,999
122400,1005
122600,993
122800,1018
123000,1037
123200,1008
123400,993
123600,1013
123800,1022
124000,994
124200,995
124400,958
124600,984
124800,914
125000,1004
125200,1011
125400,937
125600,1014
125800,1013
126000,978
126200,966
126400,897
126600,972
126800,976
127000,990
127200,970
127400,962
127600,956
127800,992
128000,999
128200,1000
128400,984
128600,970
128800,996
129000,985
129200,1009
129400,1022
129600,1019
129800,998
130000,954
130200,923
130400,905
130600,981
130800,962
131000,971
131200,1015
131400,1032
131600,1029
131800,1024
132000,1032
132200,1040
132400,1034
132600,1042
132800,1016
133000,1009
133200,1005
133400,1024
133600,1019
133800,1052
134000,1068
134200,1029
134400,977
134600,1014
134800,1029
135000,1013
135200,1017
135400,1015
135600,1005
135800,991
136000,1015
136200,1035
136400,1019
136600,1060
136800,987
137000,1096
137200,1066
137400,1022
137600,1023
137800,1059
138000,1072
138200,1042
138400,989
138600,1015
138800,1062
139000,1016
139200,1063
139400,1044
139600,1076
139800,1047
140000,1061
140200,1068
140400,1047
140600,1048
140800,963
141000,1046
141200,1032
141400,974
141600,1018
141800,1018
142000,996
142200,1015
142400,985
142600,1017
142800,939
143000,1035
143200,1016
143400,1021
143600,999
143800,1014
144000,1018
144200,1052
144400,1006
144600,1045
144800,1041
145000,986
145200,1001
145400,928
145600,1018
145800,1037
146000,1039
146200,1039
146400,936
146600,988
146800,992
147000,979
147200,991
147400,908
147600,987
147800,1008
148000,1002
148200,981
148400,919
148600,1019
148800,1010
149000,1025
149200,1007
149400,1013
149600,1034
149800,982
150000,1015
150200,1035
150400,1004
150600,1005
150800,1005
151000,998
151200,1020
151400,976
151600,1009
151800,988
152000,1008
152200,1014
152400,1025
152600,998
152800,1051
153000,939
153200,1019
153400,1035
153600,1047
153800,1024
154000,984
154200,1026
154400,1012
154600,1051
154800,952
155000,1072
155200,1076
155400,1052
155600,1038
155800,1034
156000,1052
156200,1061
156400,1007
156600,1093
156800,1042
157000,1022
157200,1010
157400,1042
157600,1020
157800,1024
158000,1021
158200,1024
158400,1010
158600,1037
158800,1003
159000,1123
159200,1099
159400,1003
159600,1073
159800,1047
160000,1058
160200,1061
160400,1025
160600,991
160800,1026
161000,1049
161200,1048
161400,1027
161600,994
161800,989
162000,982
162200,969
162400,969
162600,1018
162800,1049
163000,1047
163200,1001
163400,994
163600,1015
163800,987
164000,956
164200,992
164400,999
164600,972
164800,1029
165000,1046
165200,1041
165400,941
165600,1000
165800,989
166000,1009
166200,1019
166400,990
166600,1036
166800,979
167000,1002
167200,988
167400,947
167600,910
167800,890
168000,1024
168200,1032
168400,942
168600,1016
168800,1022
169000,1034
169200,1046
169400,970
169600,949
169800,994
170000,989
170200,986
170400,1009
170600,1003
170800,1017
171000,1016
171200,1009
171400,1003
171600,1004
171800,1021
172000,1012
172200,1024
172400,993
172600,1012
172800,1005
173000,989
173200,1021
173400,1038
173600,998
173800,1046
174000,982
174200,1091
174400,1072
174600,1033
174800,1025
175000,1013
175200,1010
175400,1039
175600,1056
175800,1072
176000,1013
176200,994
176400,985
176600,1058
176800,1049
177000,1010
177200,1039
177400,1021
177600,1019
177800,1024
178000,1040
178200,1075
178400,1031
178600,1009
178800,1022
179000,1013
179200,1048
179400,1027
179600,1072
179800,1098
180000,1103
180200,1108
180400,1063
180600,1050
180800,1044
181000,1008
181200,1010
181400,1028
181600,1051
181800,1025
182000,1051
182200,1068
182400,1017
182600,1000
182800,1013
183000,1016
183200,1044
183400,1016
183600,1003
183800,1007
184000,1044
184200,1027
184400,984
184600,1057
184800,1033
185000,1035
185200,995
185400,985
185600,1016
185800,1012
186000,993
186200,998
186400,978
186600,1044
186800,1028
187000,1015
187200,1037
187400,973
187600,1019
187800,907
188000,1015
188200,983
188400,898
188600,991
188800,1010
189000,1003
189200,999
189400,998
189600,1025
189800,1010
190000,1034
190200,1024
190400,919
190600,970
190800,992
191000,1025
191200,972
191400,969
191600,963
191800,959
192000,1011
192200,1040
192400,995
192600,1048
192800,1016
193000,1028
193200,1003
193400,1006
193600,1043
193800,1045
194000,1044
194200,1016
194400,981
194600,1017
194800,1036
195000,1023
195200,1018
195400,965
195600,1038
195800,1053
196000,1092
196200,1044
196400,1015
196600,1018
196800,997
197000,1049
197200,1024
197400,1015
197600,989
197800,1024
198000,1041
198200,1037
198400,1007
198600,1054
198800,1072
199000,1067
199200,1007
199400,1036
199600,998
199800,1028
200000,1035
200200,1030
200400,1050
200600,1057
200800,1026
201000,1033
201200,1017
201400,999
201600,1002
201800,1024
202000,1025
202200,1021
202400,1030
202600,1008
202800,1011
203000,997
203200,986
203400,988
203600,968
203800,987
204000,968
204200,977
204400,962
204600,996
204800,1017
205000,1024
205200,1017
205400,999
205600,1005
205800,933
206000,1023
206200,984
206400,1015
206600,1001
206800,973
207000,975
207200,942
207400,952
207600,917
207800,908
208000,926
208200,957
208400,955
208600,938
208800,985
209000,999
209200,1012
209400,926
209600,982
209800,984
210000,962
210200,962
210400,909
210600,977
210800,958
211000,999
211200,1004
211400,984
211600,992
211800,993
212000,1003
212200,1022
212400,970
212600,1005
212800,1002
213000,997
213200,1034
213400,978
213600,1042
213800,1057
214000,1019
214200,1004
214400,1030
214600,1004
214800,1033
215000,1007
215200,1021
215400,1014
215600,1040
215800,944
216000,1030
216200,1018
216400,999
216600,990
216800,1029
217000,1034
217200,1037
217400,1013
217600,1017
217800,1004
218000,1010
218200,1010
218400,984
218600,987
218800,1007
219000,1009
219200,1051
219400,1014
219600,1021
219800,1023
220000,1006
220200,1006
220400,994
220600,990
220800,994
221000,1026
221200,1021
221400,954
221600,1032
221800,1027
222000,1021
222200,1015
222400,994
222600,992
222800,986
223000,980
223200,1006
223400,1000
223600,991
223800,939
224000,1000
224200,1007
224400,1001
224600,992
224800,1024
225000,1021
225200,977
225400,967
225600,978
225800,1011
226000,1045
226200,998
226400,1021
226600,1032
226800,997
227000,970
227200,948
227400,880
227600,964
227800,982
228000,991
228200,997
228400,948
228600,1030
228800,995
229000,968
229200,971
229400,983
229600,999
229800,962
230000,999
230200,1027
230400,979
230600,996
230800,1007
231000,1019
231200,992
231400,989
231600,989
231800,968
232000,1015
232200,1043
232400,1016
232600,1038
232800,1035
233000,995
233200,992
233400,969
233600,1040
233800,991
234000,1072
234200,1022
234400,1016
234600,1048
234800,1010
235000,1048
235200,1005
235400,985
235600,1047
235800,1008
236000,1042
236200,1068
236400,1058
236600,1049
236800,1059
237000,1050
237200,1051
237400,1031
237600,1057
237800,1068
238000,1061
238200,1081
238400,1040
238600,1038
238800,1056
239000,1070
239200,1068
239400,1036
239600,1007
239800,1018
240000,1033
240200,1020
240400,989
240600,1051
240800,992
241000,1042
241200,1044
241400,1043
241600,1049
241800,962
242000,1050
242200,1014
242400,1017
242600,1043
242800,1033
243000,1031
243200,1004
243400,991
243600,1025
243800,1003
244000,996
244200,974
244400,1000
244600,1014
244800,1000
245000,992
245200,1002
245400,995
245600,1000
245800,1021
246000,1018
246200,1038
246400,1007
246600,1011
246800,1018
247000,1021
247200,974
247400,879
247600,943
247800,932
248000,971
248200,947
248400,942
248600,984
248800,973
249000,992
249200,1003
249400,948
249600,1021
249800,1027
250000,983
250200,954
250400,926
250600,1032
250800,1004
251000,1014
251200,1030
251400,1034
251600,1047
251800,1035
252000,1019
252200,1034
252400,1020
252600,1034
252800,930
253000,1040
253200,1047
253400,1053
253600,1036
253800,1050
254000,1053
254200,1060
254400,1056
254600,1046
254800,989
255000,1091
255200,1026
255400,1031
255600,1062
255800,1044
256000,1065
256200,1061
256400,981
256600,1058
256800,1062
257000,1037
257200,1071
257400,1017
257600,1031
257800,1026
258000,1021
258200,1017
258400,974
258600,1065
258800,968
259000,1080
259200,1059
259400,1016
259600,1064
259800,1075
260000,1019
260200,1031
260400,980
260600,1029
260800,978
261000,1046
261200,1014
261400,1034
261600,1024
261800,1038
262000,1050
262200,1027
262400,989
262600,1024
262800,995
263000,1028
263200,1021
263400,959
263600,1010
263800,997
264000,1003
264200,1016
264400,968
264600,1038
264800,931
265000,1051
265200,990
265400,941
265600,1036
265800,1024
266000,988
266200,1000
266400,991
266600,974
266800,943
267000,957
267200,962
267400,961
267600,962
267800,950
268000,946
268200,925
268400,950
268600,955
268800,966
269000,995
269200,1001
269400,1000
269600,990
269800,977
270000,966
270200,977
270400,913
270600,984
270800,1001
271000,1014
271200,988
271400,962
271600,964
271800,969
272000,1002
272200,1026
272400,958
272600,1014
272800,941
273000,1043
273200,997
273400,1010
273600,1050
273800,1015
274000,1029
274200,1011
274400,978
274600,1064
274800,1025
275000,1046
275200,1045
275400,1021
275600,1004
275800,1033
276000,1074
276200,1057
276400,1014
276600,1079
276800,991
277000,1090
277200,1070
277400,1049
277600,1042
277800,1028
278000,1007
278200,1043
278400,1034
278600,1063
278800,986
279000,1088
279200,1033
279400,1026
279600,999
279800,976
280000,1054
280200,1058
280400,1044
280600,1034
280800,1038
281000,1065
281200,1026
281400,1009
281600,1019
281800,999
282000,1001
282200,1014
282400,1019
282600,1066
282800,956
283000,1068
283200,1012
283400,1009
283600,995
283800,1000
284000,1037
284200,1041
284400,1049
284600,1054
284800,1011
285000,1011
285200,988
285400,1025
285600,977
285800,942
286000,953
286200,939
286400,1007
286600,995
286800,960
287000,986
287200,961
287400,944
287600,901
287800,916
288000,946
288200,954
288400,931
288600,876
288800,952
289000,947
289200,971
289400,951
289600,995
289800,967
290000,934
290200,934
290400,939
290600,1020
290800,902
291000,1005
291200,995
291400,989
291600,988
291800,974
292000,977
292200,979
292400,993
292600,1002
292800,1022
293000,1021
293200,1018
293400,1048
293600,1018
293800,1025
294000,991
294200,998
294400,1024
294600,1034
294800,957
295000,1069
295200,1057
295400,1056
295600,1068
295800,1059
296000,1062
296200,1052
296400,985
296600,1102
296800,1004
297000,1129
297200,1096
297400,1064
297600,1031
297800,1020
298000,1019
298200,1033
298400,980
298600,1034
298800,1007
299000,994
299200,1044
299400,991
299600,1093
299800,1090
300000,1021
300200,1048
300400,1031
300600,997
300800,998
301000,1045
301200,1044
301400,979
301600,1030
301800,1006
302000,1038
302200,1034
302400,952
302600,1025
302800,1037
303000,1036
303200,1032
303400,1026
303600,998
303800,1014
304000,989
304200,981
304400,982
304600,988
304800,965
305000,1003
305200,1021
305400,982
305600,1020
305800,1019
306000,985
306200,994
306400,988
306600,1002
306800,993
307000,993
307200,1017
307400,1026
307600,1010
307800,1006
308000,985
308200,969
308400,967
308600,963
308800,991
309000,1002
309200,986
309400,975
309600,965
309800,929
310000,1046
310200,1020
310400,1008
310600,1023
310800,981
311000,976
311200,1002
311400,973
311600,990
311800,969
312000,1021
312200,1012
312400,951
312600,1036
312800,1010
313000,983
313200,1017
313400,992
313600,1000
313800,1031
314000,995
314200,1036
314400,1033
314600,1061
314800,1024
315000,1040
315200,999
315400,993
315600,1079
315800,1093
316000,1077
316200,1078
316400,1033
316600,1018
316800,1015
317000,1033
317200,1033
317400,1004
317600,1041
317800,1054
318000,1010
318200,1052
318400,1024
318600,1022
318800,1037
319000,1049
319200,1049
319400,1007
319600,1070
319800,978
320000,1100
320200,1058
320400,1014
320600,1069
320800,1015
321000,1032
321200,1037
321400,1007
321600,1026
321800,1019
322000,1020
322200,999
322400,984
322600,1027
322800,1050
323000,1061
323200,1019
323400,981
323600,1001
323800,1016
324000,1032
324200,1038
324400,1018
324600,995
324800,996
325000,991
325200,957
325400,897
325600,992
325800,1011
326000,991
326200,1021
326400,1028
326600,1016
326800,1008
327000,1009
327200,983
327400,895
327600,937
327800,852
328000,969
328200,995
328400,938
328600,1037
328800,997
329000,990
329200,977
329400,901
329600,1004
329800,1008
330000,1012
330200,1002
330400,1004
330600,1017
330800,1024
331000,1042
331200,1022
331400,975
331600,972
331800,993
332000,963
332200,1004
332400,966
332600,1014
332800,999
333000,1031
333200,1030
333400,1013
333600,990
333800,996
334000,994
334200,983
334400,1020
334600,1031
334800,1061
335000,1028
335200,1054
335400,1020
335600,1064
335800,1020
336000,1035
336200,1000
336400,1027
336600,1019
336800,1027
337000,1024
337200,1027
337400,1013
337600,985
337800,986
338000,1037
338200,1025
338400,1015
338600,1087
338800,1094
339000,1079
339200,1057
339400,1073
339600,1040
339800,1017
340000,1020
340200,1011
340400,1008
340600,999
340800,1001
341000,1046
341200,1046
341400,999
341600,1038
341800,1019
342000,1006
342200,981
342400,1017
342600,1021
342800,1020
343000,1005
343200,1042
343400,1001
343600,992
343800,1045
344000,1025
344200,1024
344400,967
344600,1040
344800,1015
345000,984
345200,965
345400,993
345600,974
345800,901
346000,1003
346200,1023
346400,1021
346600,1026
346800,1030
347000,1010
347200,999
347400,991
347600,967
347800,958
348000,926
348200,924
348400,867
348600,967
348800,1016
349000,967
349200,1012
349400,930
349600,1023
349800,1023
350000,1006
350200,983
350400,981
350600,995
350800,1003
351000,969
351200,984
351400,984
351600,961
351800,1020
352000,1049
352200,1038
352400,1039
352600,1022
352800,995
353000,993
353200,962
353400,1005
353600,1013
353800,1029
354000,1034
354200,1057
354400,1008
354600,996
354800,980
355000,991
355200,1025
355400,1019
355600,1027
355800,961
356000,1080
356200,1067
356400,1044
356600,1021
356800,1023
357000,1015
357200,1009
357400,1004
357600,1001
357800,1030
358000,1021
358200,1003
358400,1038
358600,1026
358800,996
359000,1006
359200,1024
359400,1018
359600,1005
359800,983
360000,1033
360200,1057
360400,990
360600,1063
360800,1024
361000,981
361200,980
361400,980
361600,1025
361800,965
362000,1054
362200,1017
362400,1012
362600,1038
362800,1048
363000,1041
363200,1004
363400,1034
363600,1003
363800,919
364000,1054
364200,1012
364400,1013
364600,1053
364800,1032
365000,1012
365200,1020
365400,947
365600,985
365800,971
366000,958
366200,993
366400,1014
366600,1027
366800,1007
367000,965
367200,944
367400,926
367600,895
367800,931
368000,953
368200,970
368400,981
368600,1018
368800,1013
369000,1036
369200,1019
369400,1009
369600,1019
369800,1025
370000,1009
370200,1013
370400,971
370600,1042
370800,1047
371000,1051
371200,1027
371400,1046
371600,1057
371800,1005
372000,1024
372200,995
372400,1026
372600,1028
372800,1019
373000,1024
373200,1011
373400,1016
373600,987
373800,978
374000,971
374200,972
374400,1004
374600,986
374800,995
375000,1023
375200,1027
375400,1023
375600,1031
375800,1048
376000,1006
376200,1017
376400,984
376600,1043
376800,970
377000,1002
377200,1074
377400,1052
377600,1051
377800,1018
378000,1004
378200,1036
378400,1078
378600,1051
378800,1048
379000,1068
379200,1070
379400,1065
379600,1044
379800,1015
380000,1001
380200,986
380400,989
380600,998
380800,1032
381000,1063
381200,1024
381400,1013
381600,997
381800,997
382000,999
382200,1024
382400,993
382600,1000
382800,1007
383000,1011
383200,997
383400,1001
383600,1058
383800,1001
384000,1007
384200,1017
384400,990
384600,1019
384800,1056
385000,1019
385200,1033
385400,1037
385600,1050
385800,1062
386000,1059
386200,1045
386400,997
386600,975
386800,960
387000,980
387200,998
387400,900
387600,947
387800,936
388000,939
388200,940
388400,930
388600,912
388800,1004
389000,912
389200,1047
389400,1029
389600,986
389800,957
390000,932
390200,946
390400,976
390600,1015
390800,1033
391000,991
391200,989
391400,981
391600,980
391800,982
392000,957
392200,1018
392400,991
392600,1026
392800,1025
393000,1024
393200,990
393400,968
393600,1020
393800,1019
394000,1021
394200,1020
394400,1003
394600,1017
394800,1001
395000,985
395200,1006
395400,995
395600,1029
395800,979
396000,1086
396200,1059
396400,1022
396600,1019
396800,1026
397000,1033
397200,1033
397400,953
397600,1022
397800,1057
398000,1065
398200,1043
398400,1025
398600,1021
398800,1013
399000,995
399200,989
399400,1028
399600,1020
399800,987
400000,1017
400200,1048
400400,1081
400600,1088
400800,1056
401000,1031
401200,1006
401400,972
401600,1053
401800,1049
402000,1002
402200,1025
402400,1054
402600,1057
402800,1052
403000,1021
403200,999
403400,944
403600,1028
403800,988
404000,1022
404200,1045
404400,1004
404600,1027
404800,1007
405000,1016
405200,996
405400,924
405600,1032
405800,942
406000,1043
406200,1020
406400,988
406600,1019
406800,1008
407000,985
407200,967
407400,899
407600,925
407800,949
408000,929
408200,925
408400,923
408600,945
408800,926
409000,911
409200,891
409400,900
409600,989
409800,1019
410000,973
410200,991
410400,997
410600,981
410800,999
411000,1025
411200,1012
411400,1030
411600,1045
411800,937
412000,1065
412200,1036
412400,1014
412600,1060
412800,1061
413000,1045
413200,1066
413400,1008
413600,1011
413800,953
414000,1069
414200,1046
414400,1042
414600,1032
414800,1004
415000,1031
415200,1021
415400,976
415600,1036
415800,1035
416000,1056
416200,1071
416400,1074
416600,1064
416800,1045
417000,1028
417200,1022
417400,1021
417600,1054
417800,991
418000,1105
418200,1107
418400,1112
418600,1099
418800,1089
419000,1091
419200,1074
419400,1052
419600,1052
419800,1024
420000,1028
420200,1017
420400,999
420600,1030
420800,1056
421000,1049
421200,1051
421400,1054
421600,1049
421800,1057
422000,1005
422200,1008
422400,1007
422600,987
422800,976
423000,976
423200,1032
423400,1049
423600,1065
423800,965
424000,1040
424200,992
424400,991
424600,996
424800,1027
425000,1048
425200,1028
425400,1024
425600,1005
425800,1017
426000,1032
426200,1025
426400,946
426600,982
426800,1006
427000,1010
427200,992
427400,950
427600,970
427800,948
428000,941
428200,972
428400,977
428600,982
428800,1019
429000,986
429200,984
429400,915
429600,994
429800,977
430000,956
430200,939
430400,869
430600,969
430800,953
431000,967
431200,1025
431400,1037
431600,999
431800,938
432000,1018
432200,1028
432400,1030
432600,1039
432800,1011
433000,1010
433200,997
433400,962
433600,1024
433800,1038
434000,1024
434200,1030
434400,949
434600,989
434800,984
435000,1002
435200,997
435400,1015
435600,1034
435800,1065
436000,1036
436200,1012
436400,1050
436600,1021
436800,979
437000,1089
437200,1064
437400,1057
437600,1055
437800,1015
438000,1050
438200,1036
438400,1048
438600,1045
438800,1026
439000,1006
439200,1036
439400,1022
439600,1045
439800,1067
440000,1088
440200,1080
440400,1049
440600,1009
440800,1042
441000,1041
441200,1027
441400,1039
441600,1050
441800,1047
442000,1046
442200,1040
442400,1020
442600,1045
442800,979
443000,1051
443200,1019
443400,1008
443600,1024
443800,995
444000,1032
444200,1029
444400,971
444600,1026
444800,904
445000,1029
445200,989
445400,997
445600,987
445800,974
446000,959
446200,994
446400,956
446600,1027
446800,1032
447000,1042
447200,984
447400,1007
447600,999
447800,972
448000,984
448200,967
448400,958
448600,964
448800,974
449000,968
449200,969
449400,964
449600,980
449800,1013
450000,986
450200,976
450400,1009
450600,1020
450800,926
451000,1045
451200,973
451400,948
451600,980
451800,1009
452000,1053
452200,1038
452400,968
452600,1012
452800,1005
453000,1035
453200,1026
453400,1031
453600,1033
453800,1024
454000,994
454200,1018
454400,1047
454600,1024
454800,975
455000,1060
455200,1004
455400,986
455600,1036
455800,1008
456000,1012
456200,990
456400,1001
456600,1068
456800,1044
457000,1032
457200,1030
457400,1035
457600,1012
457800,990
458000,1032
458200,1036
458400,982
458600,1052
458800,1069
459000,1072
459200,1069
459400,1057
459600,1045
459800,1041
460000,1057
460200,1077
460400,1100
460600,1092
460800,1004
461000,1099
461200,1052
461400,1037
461600,1000
461800,1028
462000,1029
462200,1015
462400,1021
462600,1067
462800,988
463000,1084
463200,1026
463400,1032
463600,1048
463800,1042
464000,1017
464200,1026
464400,1014
464600,989
464800,992
465000,990
465200,992
465400,985
465600,979
465800,1007
466000,1019
466200,1012
466400,1025
466600,1018
466800,973
467000,988
467200,992
467400,958
467600,947
467800,953
468000,980
468200,966
468400,1006
468600,977
468800,912
469000,993
469200,1029
469400,1023
469600,999
469800,1000
470000,1014
470200,1007
470400,969
470600,1046
470800,1032
471000,1028
471200,1031
471400,1033
471600,1044
471800,1044
472000,1025
472200,1004
472400,978
472600,976
472800,1014
473000,996
473200,1011
473400,947
473600,1022
473800,1036
474000,1025
474200,1050
474400,1008
474600,1064
474800,1014
475000,1043
475200,1024
475400,1005
475600,1018
475800,1044
476000,1025
476200,1036
476400,1043
476600,1045
476800,1027
477000,993
477200,1016
477400,1018
477600,1020
477800,1043
478000,1064
478200,1053
478400,1006
478600,1021
478800,1061
479000,1057
479200,1083
479400,1068
479600,1083
479800,1056
480000,1019
480200,1067
480400,1039
480600,1066
480800,985
481000,1055
481200,1053
481400,1045
481600,1026
481800,1024
482000,1001
482200,997
482400,968
482600,1051
482800,1026
483000,1009
483200,1040
483400,1030
483600,983
483800,1001
484000,1011
484200,1019
484400,1036
484600,1034
484800,939
485000,1040
485200,1019
485400,1019
485600,1051
485800,1000
486000,1024
486200,1021
486400,993
486600,993
486800,882
487000,1013
487200,1015
487400,1023
487600,1011
487800,1010
488000,1038
488200,1006
488400,931
488600,945
488800,980
489000,955
489200,940
489400,921
489600,953
489800,952
490000,964
490200,968
490400,948
490600,923
490800,943
491000,986
491200,993
491400,984
491600,976
491800,1001
492000,1006
492200,1006
492400,1032
492600,1052
492800,1019
493000,1041
493200,998
493400,1020
493600,1009
493800,1033
494000,1006
494200,975
494400,986
494600,992
494800,998
495000,1008
495200,1005
495400,1001
495600,1061
495800,1040
496000,1073
496200,1084
496400,1095
496600,1044
496800,1050
497000,1050
497200,1077
497400,1061
497600,1053
497800,974
498000,1079
498200,1085
498400,1089
498600,1097
498800,1084
499000,1051
499200,1024
499400,989
499600,1051
499800,989
500000,1101
500200,1101
500400,993
500600,1052
500800,1048
501000,1028
501200,1021
501400,1002
501600,988
501800,1000
502000,1004
502200,991
502400,988
502600,1018
502800,1015
503000,1005
503200,1033
503400,1059
503600,1010
503800,1035
504000,1019
504200,1025
504400,974
504600,1003
504800,1034
505000,1045
505200,1027
505400,1026
505600,1018
505800,1029
506000,1009
506200,1024
506400,988
506600,962
506800,954
507000,966
507200,989
507400,962
507600,958
507800,942
508000,956
508200,974
508400,976
508600,994
508800,995
509000,990
509200,1001
509400,947
509600,998
509800,1017
510000,1022
510200,1041
510400,994
510600,983
510800,990
511000,994
511200,1009
511400,1038
511600,1007
511800,1029
512000,998
512200,984
512400,988
512600,996
512800,993
513000,1008
513200,980
513400,969
513600,1026
513800,1062
514000,1038
514200,1068
514400,1021
514600,1009
514800,1018
515000,982
515200,1047
515400,1047
515600,1031
515800,953
516000,1028
516200,1061
516400,1034
516600,1040
516800,1064
517000,1078
517200,1074
517400,1054
517600,1061
517800,984
518000,1107
518200,1099
518400,1098
518600,1108
518800,1109
519000,1092
519200,1094
519400,1044
519600,1002
519800,1022
520000,1038
520200,1059
520400,1067
520600,1043
520800,1041
521000,1030
521200,1005
521400,1014
521600,1065
521800,965
522000,1040
522200,1049
522400,1024
522600,991
522800,1025
523000,1046
523200,1035
523400,1024
523600,976
523800,1017
524000,1045
524200,1026
524400,1036
524600,1056
524800,999
525000,990
525200,1007
525400,944
525600,1042
525800,1005
526000,1006
526200,980
526400,1000
526600,1014
526800,1021
527000,1001
527200,1023
527400,966
527600,967
527800,971
528000,974
528200,974
528400,952
528600,941
528800,950
529000,968
529200,1002
529400,1009
529600,1005
529800,973
530000,999
530200,1010
530400,1021
530600,1032
530800,1024
531000,1031
531200,990
531400,963
531600,948
531800,985
532000,1009
532200,1020
532400,1030
532600,1022
532800,1013
533000,1050
533200,1010
533400,1035
533600,995
533800,1014
534000,1020
534200,990
534400,1026
534600,1016
534800,1040
535000,1061
535200,1015
535400,1000
535600,1027
535800,994
536000,1098
536200,1077
536400,1071
536600,1063
536800,1038
537000,1034
537200,1046
537400,1030
537600,1086
537800,1077
538000,1070
538200,1044
538400,1019
538600,1053
538800,1070
539000,1073
539200,1042
539400,971
539600,1031
539800,963
540000,1096
540200,1060
540400,1024
540600,989
540800,1026
541000,1035
541200,1047
541400,989
541600,1005
541800,1034
542000,1031
542200,1022
542400,1042
542600,1044
542800,1013
543000,1035
543200,1021
543400,997
543600,1005
543800,1038
544000,1027
544200,1037
544400,1006
544600,1007
544800,1033
545000,1032
545200,994
545400,986
545600,992
545800,1005
546000,971
546200,958
546400,992
546600,968
546800,973
547000,990
547200,1015
547400,947
547600,1005
547800,1026
548000,972
548200,978
548400,973
548600,976
548800,1019
549000,989
549200,1016
549400,983
549600,1045
549800,1020
550000,996
550200,976
550400,982
550600,995
550800,997
551000,1010
551200,1044
551400,964
551600,1020
551800,1026
552000,1019
552200,1035
552400,983
552600,981
552800,1016
553000,1027
553200,1008
553400,1019
553600,995
553800,933
554000,1063
554200,1052
554400,1035
554600,1021
554800,995
555000,1021
555200,1040
555400,1033
555600,1043
555800,1031
556000,996
556200,1038
556400,999
556600,1007
556800,1028
557000,1027
557200,1045
557400,1054
557600,1036
557800,1040
558000,1068
558200,1088
558400,1090
558600,1070
558800,1007
559000,1108
559200,1112
559400,1130
559600,1113
559800,1086
560000,1040
560200,1043
560400,1058
560600,1076
560800,1047
561000,1011
561200,1007
561400,1009
561600,1019
561800,1005
562000,1032
562200,1057
562400,958
562600,1027
562800,1016
563000,983
563200,1005
563400,1014
563600,1022
563800,976
564000,968
564200,1013
564400,962
564600,1032
564800,941
565000,1013
565200,986
565400,961
565600,1012
565800,985
566000,986
566200,968
566400,923
566600,1024
566800,935
567000,1011
567200,1005
567400,1003
567600,977
567800,962
568000,979
568200,997
568400,1015
568600,996
568800,1002
569000,1018
569200,986
569400,936
569600,1028
569800,1024
570000,989
570200,985
570400,942
570600,926
570800,944
571000,948
571200,959
571400,955
571600,958
571800,1004
572000,1031
572200,1039
572400,1044
572600,1013
572800,954
573000,1045
573200,989
573400,1014
573600,1057
573800,1032
574000,1007
574200,1010
574400,1002
574600,1005
574800,1044
575000,1025
575200,1031
575400,1035
575600,1010
575800,1028
576000,1058
576200,1049
576400,996
576600,1076
576800,991
577000,1086
577200,1072
577400,1034
577600,1003
577800,1016
578000,1031
578200,1006
578400,1036
578600,1026
578800,1056
579000,1078
579200,1064
579400,1038
579600,997
579800,1021
580000,1027
580200,1024
580400,1005
580600,1059
580800,1014
581000,1039
581200,1047
581400,1050
581600,993
581800,1020
582000,1029
582200,1019
582400,1013
582600,1032
582800,971
583000,1057
583200,1051
583400,1026
583600,1016
583800,1013
584000,1040
584200,991
584400,986
584600,972
584800,915
585000,1002
585200,1036
585400,1028
585600,987
585800,1010
586000,989
586200,977
586400,951
586600,998
586800,1037
587000,990
587200,1015
587400,1024
587600,1007
587800,995
588000,987
588200,986
588400,986
588600,943
588800,1002
589000,887
589200,999
589400,973
589600,954
589800,954
590000,951
590200,966
590400,938
590600,993
590800,1012
591000,991
591200,994
591400,988
591600,989
591800,976
592000,997
592200,971
592400,947
592600,1020
592800,1053
593000,1051
593200,1013
593400,1047
593600,1009
593800,1004
594000,1014
594200,1020
594400,960
594600,1051
594800,938
595000,1047
595200,1014
595400,1051
595600,1074
595800,1077
596000,1049
596200,1035
596400,1005
596600,1068
596800,1073
597000,1049
597200,1037
597400,1011
597600,996
597800,1008
598000,1040
598200,1074
598400,1015
598600,1052
598800,1012
599000,1010
599200,1049
599400,1061
599600,1075
599800,1056
600000,1024
600200,1005
600400,984
600600,1053
600800,959
601000,1049
601200,1039
601400,1004
601600,1058
601800,1024
602000,1064
602200,1062
602400,996
602600,1035
602800,946
603000,1045
603200,1061
603400,1038
603600,997
603800,1021
604000,1009
604200,980
604400,989
604600,998
604800,1016
605000,1001
605200,993
605400,985
605600,1029
605800,1040
606000,1035
606200,1035
606400,1026
606600,1023
606800,1020
607000,995
607200,998
607400,984
607600,961
607800,965
608000,982
608200,979
608400,903
608600,967
608800,964
609000,981
609200,975
609400,984
609600,1005
609800,1024
610000,1033
610200,991
610400,944
610600,1033
610800,1028
611000,1018
611200,1021
611400,985
611600,981
611800,980
612000,1029
612200,1019
612400,951
612600,1056
612800,972
613000,1061
613200,1006
613400,1007
613600,1034
613800,1025
614000,1028
614200,1026
614400,997
614600,1065
614800,1029
615000,1055
615200,1020
615400,1011
615600,1009
615800,1038
616000,1049
616200,1055
616400,1038
616600,1064
616800,1042
617000,1045
617200,1056
617400,1065
617600,1077
617800,1032
618000,1020
618200,1004
618400,1037
618600,1105
618800,1038
619000,1128
619200,1067
619400,1022
619600,1008
619800,987
620000,989
620200,1016
620400,1022
620600,1037
620800,1044
621000,1008
621200,1007
621400,1029
621600,1004
621800,955
622000,1036
622200,982
622400,1025
622600,1032
622800,1021
623000,1020
623200,1028
623400,990
623600,1058
623800,1029
624000,1043
624200,1038
624400,998
624600,985
624800,991
625000,1011
625200,1008
625400,946
625600,1028
625800,938
626000,1016
626200,995
626400,975
626600,954
626800,970
627000,1009
627200,989
627400,921
627600,966
627800,967
628000,995
628200,1001
628400,998
628600,996
628800,985
629000,980
629200,952
629400,931
629600,981
629800,982
630000,1009
630200,1012
630400,1033
630600,1023
630800,1044
631000,993
631200,1016
631400,937
631600,1003
631800,1031
632000,1005
632200,1010
632400,996
632600,999
632800,1049
633000,1016
633200,1006
633400,991
633600,1034
633800,957
634000,1038
634200,1048
634400,1027
634600,1010
634800,1018
635000,1026
635200,1029
635400,969
635600,1021
635800,1011
636000,973
636200,966
636400,978
636600,993
636800,1022
637000,1036
637200,1058
637400,1012
637600,1070
637800,1017
638000,1141
638200,1101
638400,1067
638600,1053
638800,1014
639000,981
639200,999
639400,963
639600,1052
639800,1042
640000,1003
640200,1033
640400,1058
640600,1009
640800,998
641000,1004
641200,999
641400,1009
641600,992
641800,1010
642000,992
642200,992
642400,959
642600,1006
642800,1006
643000,1028
643200,1005
643400,1011
643600,1035
643800,930
644000,991
644200,968
644400,979
644600,1032
644800,988
645000,1011
645200,964
645400,932
645600,1036
645800,1037
646000,1037
646200,1021
646400,977
646600,1010
646800,967
647000,994
647200,971
647400,909
647600,977
647800,998
648000,979
648200,966
648400,975
648600,997
648800,1001
649000,980
649200,1011
649400,932
649600,991
649800,995
650000,995
650200,1001
650400,905
650600,982
650800,975
651000,976
651200,975
651400,899
651600,999
651800,932
652000,1073
652200,1040
652400,1019
652600,1012
652800,1008
653000,1020
653200,1037
653400,959
653600,1047
653800,1047
654000,1056
654200,1012
654400,1036
654600,1040
654800,1025
655000,1042
655200,1007
655400,1001
655600,1067
655800,1046
656000,1051
656200,1076
656400,1069
656600,1062
656800,1030
657000,1058
657200,1044
657400,996
657600,1028
657800,952
658000,1057
658200,1033
658400,1003
658600,1053
658800,1079
659000,1076
659200,1002
659400,970
659600,1044
659800,1053
660000,1056
660200,1054
660400,1074
660600,1068
660800,1035
661000,1056
661200,1052
661400,982
661600,1033
661800,975
662000,1045
662200,1008
662400,1009
662600,1026
662800,1015
663000,1021
663200,1008
663400,971
663600,1037
663800,1029
664000,1052
664200,1044
664400,1006
664600,999
664800,1028
665000,1014
665200,1016
665400,939
665600,1019
665800,1029
666000,1028
666200,1020
666400,1047
666600,998
666800,974
667000,1001
667200,973
667400,928
667600,974
667800,990
668000,982
668200,951
668400,955
668600,993
668800,1025
669000,1001
669200,959
669400,975
669600,1025
669800,993
670000,990
670200,1007
670400,985
670600,1023
670800,1014
671000,989
671200,992
671400,978
671600,981
671800,991
672000,997
672200,1003
672400,999
672600,976
672800,1031
673000,1059
673200,1013
673400,978
673600,994
673800,1021
674000,1039
674200,1045
674400,1030
674600,1015
674800,1020
675000,1013
675200,1007
675400,1056
675600,1027
675800,1046
676000,1030
676200,1001
676400,1022
676600,1006
676800,1012
677000,1022
677200,1045
677400,982
677600,1044
677800,1019
678000,1021
678200,1039
678400,1040
678600,1058
678800,1066
679000,1058
679200,1043
679400,1017
679600,1071
679800,991
680000,1094
680200,1084
680400,1076
680600,1033
680800,1041
681000,1022
681200,1003
681400,989
681600,1038
681800,1048
682000,1012
682200,1026
682400,1006
682600,1007
682800,1007
683000,994
683200,1026
683400,1022
683600,1005
683800,1034
684000,1030
684200,988
684400,961
684600,1047
684800,1034
685000,1027
685200,996
685400,983
685600,1025
685800,1020
686000,1019
686200,1037
686400,932
686600,1010
686800,1009
687000,1007
687200,983
687400,960
687600,922
687800,914
688000,930
688200,933
688400,887
688600,946
688800,866
689000,989
689200,1019
689400,1006
689600,1001
689800,1003
690000,989
690200,984
690400,917
690600,966
690800,988
691000,988
691200,997
691400,1004
691600,1025
691800,982
692000,1016
692200,991
692400,969
692600,1033
692800,926
693000,996
693200,979
693400,977
693600,1013
693800,1032
694000,1036
694200,1008
694400,969
694600,1021
694800,1021
695000,1043
695200,1001
695400,1030
695600,1051
695800,1009
696000,1054
696200,1037
696400,1035
696600,1057
696800,1025
697000,1012
697200,1043
697400,1036
697600,1008
697800,1011
698000,1033
698200,1050
698400,1003
698600,1063
698800,976
699000,1073
699200,1051
699400,1037
699600,1042
699800,1035
700000,1053
700200,1059
700400,1028
700600,1096
700800,973
701000,1039
701200,995
701400,1029
701600,986
701800,997
702000,1004
702200,1013
702400,1015
702600,1024
702800,1050
703000,1030
703200,1004
703400,998
703600,1008
703800,1026
704000,1018
704200,1029
704400,1005
704600,1046
704800,933
705000,1060
705200,1050
705400,1059
705600,995
705800,1021
706000,1015
706200,996
706400,913
706600,975
706800,890
707000,1040
707200,979
707400,937
707600,912
707800,926
708000,978
708200,994
708400,935
708600,1026
708800,1009
709000,983
709200,988
709400,972
709600,944
709800,959
710000,994
710200,998
710400,922
710600,1013
710800,993
711000,993
711200,1019
711400,1020
711600,1038
711800,1015
712000,984
712200,962
712400,926
712600,986
712800,1031
713000,1043
713200,1067
713400,1050
713600,1032
713800,1018
714000,1004
714200,1011
714400,980
714600,1029
714800,1009
715000,1014
715200,1048
715400,1024
715600,1051
715800,1026
716000,1007
716200,1005
716400,991
716600,1035
716800,1020
717000,1136
717200,1100
717400,1073
717600,997
717800,1029
718000,1013
718200,1007
718400,957
718600,1036
718800,982
719000,1108
719200,1088
719400,1061
719600,1033
719800,1055
720000,1026
720200,1026
720400,978
720600,1058
720800,1074
721000,1058
721200,1018
721400,1024
721600,1051
721800,1067
722000,1030
722200,1054
722400,1011
722600,1029
722800,946
723000,1025
723200,1018
723400,1003
723600,1000
723800,1032
724000,1039
724200,1049
724400,1005
724600,1033
724800,971
725000,1059
725200,1038
725400,992
725600,1031
725800,1042
726000,1036
726200,1055
726400,960
726600,1036
726800,1019
727000,994
727200,1007
727400,1007
727600,1001
727800,992
728000,979
728200,964
728400,983
728600,993
728800,1006
729000,1009
729200,1028
729400,1030
729600,1046
729800,1024
730000,1018
730200,1006
730400,888
730600,945
730800,955
731000,978
731200,1033
731400,994
731600,984
731800,976
732000,1016
732200,1049
732400,1010
732600,1025
732800,987
733000,975
733200,977
733400,976
733600,1024
733800,1021
734000,1022
734200,1053
734400,1024
734600,1064
734800,979
735000,1084
735200,1061
735400,1055
735600,1032
735800,1022
736000,1013
736200,1068
736400,990
736600,1057
736800,995
737000,1100
737200,1078
737400,1050
737600,1024
737800,1029
738000,1053
738200,1034
738400,1031
738600,1054
738800,1020
739000,1061
739200,1026
739400,1006
739600,1006
739800,1007
740000,1038
740200,1065
740400,1009
740600,1072
740800,1014
741000,1005
741200,978
741400,1011
741600,1040
741800,1028
742000,1011
742200,1033
742400,1017
742600,1060
742800,1004
743000,1115
743200,1055
743400,1046
743600,1033
743800,1001
744000,999
744200,993
744400,963
744600,1001
744800,994
745000,1012
745200,1037
745400,1042
745600,1013
745800,985
746000,992
746200,984
746400,943
746600,1022
746800,1021
747000,1037
747200,1009
747400,972
747600,948
747800,937
748000,983
748200,1017
748400,926
748600,1003
748800,995
749000,996
749200,982
749400,998
749600,963
749800,981
750000,980
750200,968
750400,903
750600,999
750800,1026
751000,1036
751200,1024
751400,1020
751600,1024
751800,1017
752000,1027
752200,991
752400,992
752600,1033
752800,934
753000,1030
753200,1008
753400,1030
753600,1021
753800,1007
754000,1003
754200,1002
754400,1029
754600,1034
754800,943
755000,1080
755200,1038
755400,1009
755600,1054
755800,1057
756000,1014
756200,989
756400,956
756600,1038
756800,1066
757000,1078
757200,1072
757400,1029
757600,1027
757800,1024
758000,1034
758200,1042
758400,989
758600,1046
758800,1001
759000,1096
759200,1068
759400,1080
759600,1081
759800,1048
760000,1043
760200,1030
760400,967
760600,1072
760800,1018
761000,1096
761200,1033
761400,1042
761600,1006
761800,1012
762000,1021
762200,1025
762400,1001
762600,1072
762800,1051
763000,1024
763200,1052
763400,1043
763600,1055
763800,1019
764000,1009
764200,1010
764400,964
764600,990
764800,981
765000,1012
765200,1006
765400,1021
765600,1011
765800,1000
766000,1004
766200,1045
766400,987
766600,1025
766800,1008
767000,978
767200,1019
767400,1043
767600,1041
767800,991
768000,995
768200,991
768400,930
768600,996
768800,1007
769000,1017
769200,1024
769400,1008
769600,994
769800,977
770000,967
770200,953
770400,911
770600,993
770800,987
771000,996
771200,1033
771400,957
771600,1047
771800,1003
772000,981
772200,1027
772400,968
772600,1038
772800,954
773000,1026
773200,989
773400,1003
773600,1026
773800,1040
774000,1047
774200,1059
774400,986
774600,1034
774800,1016
775000,1015
775200,1061
775400,1067
775600,1053
775800,1065
776000,1029
776200,1015
776400,1033
776600,1024
776800,931
777000,1064
777200,1051
777400,1044
777600,1022
777800,1025
778000,1024
778200,1006
778400,987
778600,1038
778800,1008
779000,1110
779200,1121
779400,1110
779600,1080
779800,1079
780000,1081
780200,1081
780400,1054
780600,1072
780800,1028
781000,1048
781200,1027
781400,1003
781600,1033
781800,1041
782000,1033
782200,1000
782400,971
782600,1030
782800,951
783000,1057
783200,1037
783400,1021
783600,1009
783800,974
784000,969
784200,972
784400,961
784600,1016
784800,912
785000,1002
785200,1020
785400,1014
785600,1018
785800,1025
786000,1018
786200,987
786400,965
786600,954
786800,948
787000,937
787200,924
787400,937
787600,947
787800,967
788000,1013
788200,1015
788400,984
788600,966
788800,974
789000,967
789200,974
789400,973
789600,997
789800,1000
790000,990
790200,985
790400,986
790600,963
790800,917
791000,1024
791200,1002
791400,1008
791600,1026
791800,1033
792000,1009
792200,976
792400,973
792600,1006
792800,1033
793000,1014
793200,1017
793400,1039
793600,991
793800,988
794000,1026
794200,1015
794400,1008
794600,1074
794800,993
795000,1111
795200,1033
795400,1055
795600,1054
795800,1023
796000,1025
796200,1044
796400,988
796600,1095
796800,1070
797000,1046
797200,1072
797400,1035
797600,991
797800,1025
798000,1026
798200,1033
798400,1008
798600,1060
798800,1016
799000,1034
799200,1035
799400,1027
799600,1081
799800,1081
800000,1048
800200,1054
800400,988
800600,1059
800800,995
801000,1072
801200,1076
801400,1076
801600,1036
801800,1048
802000,1059
802200,1011
802400,998
802600,1028
802800,975
803000,1072
803200,1024
803400,1036
803600,1001
803800,1044
804000,1017
804200,991
804400,951
804600,999
804800,1000
805000,983
805200,1004
805400,982
805600,1023
805800,985
806000,977
806200,1021
806400,1002
806600,1017
806800,1003
807000,989
807200,1004
807400,898
807600,955
807800,955
808000,938
808200,920
808400,921
808600,949
808800,1019
809000,1010
809200,1020
809400,1014
809600,992
809800,999
810000,994
810200,958
810400,945
810600,943
810800,988
811000,994
811200,1031
811400,955
811600,1025
811800,1039
812000,1021
812200,1040
812400,1034
812600,1006
812800,986
813000,985
813200,1014
813400,1013
813600,1044
813800,975
814000,1073
814200,1033
814400,996
814600,1019
814800,1037
815000,996
815200,1018
815400,959
815600,1006
815800,993
816000,950
816200,1062
816400,1036
816600,1026
816800,1026
817000,1018
817200,1009
817400,987
817600,1078
817800,1065
818000,1045
818200,1035
818400,1005
818600,1015
818800,994
819000,1032
819200,1029
819400,968
819600,1058
819800,967
820000,1118
820200,1092
820400,1080
820600,1050
820800,1031
821000,1031
821200,1041
821400,967
821600,1043
821800,1018
822000,999
822200,984
822400,979
822600,1000
822800,999
823000,993
823200,1003
823400,956
823600,1016
823800,1007
824000,996
824200,1011
824400,998
824600,1021
824800,1005
825000,996
825200,979
825400,953
825600,1003
825800,1017
826000,1018
826200,997
826400,955
826600,961
826800,980
827000,981
827200,977
827400,874
827600,945
827800,883
828000,1028
828200,985
828400,956
828600,970
828800,988
829000,1001
829200,999
829400,920
829600,1026
829800,1033
830000,989
830200,1004
830400,1000
830600,975
830800,970
831000,1006
831200,1010
831400,1010
831600,982
831800,974
832000,1007
832200,995
832400,1014
832600,987
832800,992
833000,1000
833200,1012
833400,981
833600,1039
833800,956
834000,1034
834200,1020
834400,1019
834600,1027
834800,1000
835000,1013
835200,994
835400,982
835600,1024
835800,1002
836000,1003
836200,993
836400,989
836600,996
836800,1004
837000,1024
837200,1053
837400,1065
837600,1025
837800,957
838000,1054
838200,1027
838400,1058
838600,1026
838800,1005
839000,1025
839200,1037
839400,1006
839600,1050
839800,1071
840000,1052
840200,1008
840400,988
840600,981
840800,1031
841000,1038
841200,1048
841400,1058
841600,1040
841800,1053
842000,1030
842200,1033
842400,1009
842600,983
842800,1016
843000,1021
843200,1006
843400,960
843600,1019
843800,914
844000,994
844200,994
844400,1000
844600,1001
844800,1013
845000,1036
845200,1048
845400,975
845600,1005
845800,895
846000,1041
846200,1040
846400,1000
846600,976
846800,1003
847000,1012
847200,1014
847400,912
847600,980
847800,974
848000,1005
848200,1023
848400,1017
848600,1006
848800,1041
849000,1048
849200,1026
849400,1020
849600,990
849800,992
850000,981
850200,975
850400,963
850600,979
850800,1012
851000,968
851200,1017
851400,1007
851600,1028
851800,1031
852000,989
852200,1000
852400,1039
852600,1052
852800,998
853000,982
853200,994
853400,966
853600,1060
853800,1026
854000,1004
854200,1024
854400,989
854600,979
854800,1027
855000,1014
855200,1035
855400,998
855600,1049
855800,973
856000,1064
856200,1016
856400,1039
856600,1046
856800,1026
857000,1017
857200,1021
857400,966
857600,1058
857800,1063
858000,1047
858200,1041
858400,1013
858600,1003
858800,1025
859000,1041
859200,1012
859400,1038
859600,1016
859800,1019
860000,1035
860200,1058
860400,1033
860600,1027
860800,1018
861000,994
861200,1035
861400,1005
861600,1017
861800,1001
862000,980
862200,982
862400,974
862600,998
862800,1003
863000,1022
863200,1035
863400,952
863600,1007
863800,959
864000,1075
864200,1013
864400,1002
864600,994
864800,1017
865000,994
865200,1015
865400,947
865600,1007
865800,1005
866000,1021
866200,1037
866400,1020
866600,1045
866800,1038
867000,1011
867200,1002
867400,920
867600,991
867800,1001
868000,1022
868200,1027
868400,1033
868600,1014
868800,999
869000,996
869200,990
869400,998
869600,983
869800,966
870000,946
870200,989
870400,1000
870600,980
870800,985
871000,993
871200,971
871400,975
871600,971
871800,962
872000,976
872200,966
872400,927
872600,1037
872800,1011
873000,1022
873200,1041
873400,1052
873600,1012
873800,992
874000,1008
874200,1013
874400,1021
874600,1093
874800,985
875000,1061
875200,1006
875400,1022
875600,1049
875800,1031
876000,1005
876200,1041
876400,1012
876600,1096
876800,1029
877000,1118
877200,1130
877400,1111
877600,1076
877800,1029
878000,1022
878200,1031
878400,1016
878600,1095
878800,1106
879000,1135
879200,1081
879400,1065
879600,1057
879800,1024
880000,999
880200,999
880400,970
880600,1048
880800,981
881000,1070
881200,1029
881400,1004
881600,1033
881800,1022
882000,1000
882200,1017
882400,960
882600,1041
882800,1046
883000,1010
883200,1048
883400,1052
883600,1040
883800,1049
884000,1008
884200,1022
884400,986
884600,1010
884800,999
885000,1015
885200,1027
885400,1014
885600,982
885800,962
886000,946
886200,953
886400,904
886600,1005
886800,1027
887000,975
887200,1004
887400,992
887600,956
887800,942
888000,956
888200,979
888400,903
888600,995
888800,1006
889000,997
889200,1004
889400,1031
889600,1019
889800,1026
890000,1019
890200,1040
890400,978
890600,1000
890800,974
891000,1001
891200,1044
891400,1051
891600,1018
891800,1004
892000,1029
892200,994
892400,950
892600,1038
892800,958
893000,1054
893200,1026
893400,1031
893600,1038
893800,1051
894000,1053
894200,1068
894400,966
894600,1048
894800,951
895000,1088
895200,1049
895400,1031
895600,1011
895800,1039
896000,998
896200,1027
896400,1015
896600,1048
896800,1006
897000,1014
897200,1045
897400,1043
897600,1057
897800,1016
898000,1048
898200,1038
898400,962
898600,1061
898800,998
899000,1079
899200,1068
899400,1029
899600,1064
899800,1039
900000,1022
900200,1042
900400,1035
900600,1075
900800,1022
901000,1029
901200,1027
901400,1024
901600,1054
901800,1036
902000,1031
902200,1016
902400,981
902600,1053
902800,1064
903000,1056
903200,1012
903400,998
903600,1005
903800,973
904000,1006
904200,995
904400,945
904600,1018
904800,926
905000,1008
905200,965
905400,999
905600,1000
905800,985
906000,979
906200,1005
906400,944
906600,1022
906800,1037
907000,1044
907200,1020
907400,976
907600,956
907800,946
908000,965
908200,998
908400,953
908600,1014
908800,1033
909000,1009
909200,973
909400,999
909600,1015
909800,1006
910000,999
910200,1012
910400,923
910600,977
910800,956
911000,958
911200,964
911400,990
911600,1026
911800,1027
912000,1021
912200,998
912400,975
912600,1041
912800,957
913000,1062
913200,1030
913400,1001
913600,997
913800,996
914000,997
914200,994
914400,1012
914600,1083
914800,1029
915000,1057
915200,1016
915400,1055
915600,1015
915800,994
916000,1026
916200,1011
916400,995
916600,1050
916800,990
917000,1078
917200,1042
917400,1013
917600,995
917800,1020
918000,1026
918200,1004
918400,1011
918600,1076
918800,1076
919000,1050
919200,1019
919400,1041
919600,1050
919800,1062
920000,1091
920200,1073
920400,1028
920600,1003
920800,1017
921000,1025
921200,1028
921400,1028
921600,1001
921800,990
922000,1013
922200,1025
922400,1024
922600,1075
922800,980
923000,1059
923200,1074
923400,1024
923600,1018
923800,1030
924000,998
924200,994
924400,989
924600,1016
924800,1029
925000,1022
925200,1001
925400,995
925600,979
925800,994
926000,1002
926200,1030
926400,990
926600,995
926800,1015
927000,1031
927200,995
927400,968
927600,941
927800,920
928000,924
928200,952
928400,904
928600,1013
928800,1042
929000,993
929200,1011
929400,1025
929600,1010
929800,982
930000,974
930200,955
930400,974
930600,969
930800,974
931000,977
931200,977
931400,913
931600,989
931800,1017
932000,1021
932200,1027
932400,1024
932600,1024
932800,1010
933000,1005
933200,978
933400,946
933600,1031
933800,1039
934000,1043
934200,1052
934400,1045
934600,1025
934800,1042
935000,1011
935200,998
935400,1022
935600,1085
935800,1034
936000,1020
936200,1011
936400,1032
936600,1057
936800,1048
937000,1015
937200,1018
937400,1005
937600,1036
937800,1040
938000,1045
938200,1029
938400,1021
938600,1017
938800,1010
939000,993
939200,1005
939400,1006
939600,1063
939800,1033
940000,1060
940200,1024
940400,1053
940600,1036
940800,1017
941000,997
941200,1038
941400,1006
941600,1038
941800,1030
942000,1017
942200,1049
942400,1018
942600,1038
942800,1053
943000,1013
943200,1033
943400,965
943600,1047
943800,997
944000,1070
944200,1010
944400,989
944600,1001
944800,993
945000,1007
945200,983
945400,979
945600,1025
945800,1048
946000,1015
946200,1011
946400,994
946600,1006
946800,989
947000,959
947200,916
947400,902
947600,936
947800,884
948000,1002
948200,992
948400,970
948600,980
948800,971
949000,989
949200,988
949400,993
949600,1019
949800,937
950000,995
950200,1017
950400,997
950600,989
950800,986
951000,1011
951200,981
951400,936
951600,966
951800,982
952000,987
952200,1004
952400,1034
952600,1008
952800,1027
953000,993
953200,988
953400,938
953600,1001
953800,977
954000,982
954200,993
954400,1034
954600,1036
954800,1019
955000,995
955200,994
955400,952
955600,1048
955800,1035
956000,1034
956200,1042
956400,1063
956600,1095
956800,1099
957000,1131
957200,1127
957400,1041
957600,1089
957800,1039
958000,1002
958200,975
958400,1040
958600,1032
958800,1008
959000,1026
959200,1016
959400,1004
959600,1044
959800,1020
960000,1008
960200,999
960400,1038
960600,983
960800,1016
961000,1015
961200,997
961400,988
961600,1035
961800,967
962000,1051
962200,1044
962400,1008
962600,1034
962800,1050
963000,1043
963200,1012
963400,1045
963600,1034
963800,1018
964000,986
964200,1005
964400,1018
964600,1000
964800,1015
965000,1034
965200,1035
965400,964
965600,1035
965800,947
966000,996
966200,1019
966400,1039
966600,984
966800,1011
967000,1009
967200,1002
967400,957
967600,974
967800,934
968000,948
968200,982
968400,994
968600,981
968800,994
969000,992
969200,974
969400,911
969600,994
969800,1004
970000,985
970200,973
970400,970
970600,958
970800,963
971000,1010
971200,959
971400,966
971600,1022
971800,931
972000,989
972200,1016
972400,1015
972600,998
972800,1008
973000,1032
973200,1034
973400,982
973600,1047
973800,1071
974000,1059
974200,1076
974400,1055
974600,1021
974800,997
975000,1020
975200,1020
975400,1002
975600,1088
975800,1082
976000,1040
976200,998
976400,1028
976600,1049
976800,1026
977000,1015
977200,999
977400,976
977600,1062
977800,961
978000,1098
978200,1089
978400,1030
978600,1012
978800,1009
979000,1001
979200,997
979400,994
979600,1072
979800,981
980000,1043
980200,1007
980400,1059
980600,1063
980800,1044
981000,1040
981200,986
981400,962
981600,1024
981800,1047
982000,1040
982200,1044
982400,1028
982600,1015
982800,1004
983000,990
983200,1008
983400,995
983600,1072
983800,973
984000,1058
984200,1006
984400,1009
984600,1020
984800,1028
985000,982
985200,966
985400,960
985600,1016
985800,985
986000,1020
986200,1032
986400,1010
986600,1049
986800,1052
987000,1040
987200,980
987400,909
987600,976
987800,970
988000,983
988200,969
988400,958
988600,955
988800,934
989000,967
989200,923
989400,925
989600,1030
989800,1035
990000,1030
990200,970
990400,1040
990600,1032
990800,990
991000,995
991200,1014
991400,956
991600,993
991800,1000
992000,1015
992200,990
992400,982
992600,995
992800,995
993000,1022
993200,1020
993400,1024
993600,1046
993800,1033
994000,1047
994200,1007
994400,974
994600,1055
994800,1045
995000,1074
995200,1053
995400,1046
995600,1051
995800,1008
996000,1065
996200,1066
996400,1050
996600,1069
996800,980
997000,1117
997200,1108
997400,1082
997600,1051
997800,1053
998000,1050
998200,1024
998400,1055
998600,1029
998800,1049
999000,1027
999200,1011
999400,1003
999600,991
999800,1010
1e+006,1041
1.0002e+006,1024
1.0004e+006,1001
1.0006e+006,1048
1.0008e+006,1034
1.001e+006,1028
1.0012e+006,1007
1.0014e+006,1038
1.0016e+006,999
1.0018e+006,991
1.002e+006,1005
1.0022e+006,1015
1.0024e+006,1010
1.0026e+006,1048
1.0028e+006,984
1.003e+006,1059
1.0032e+006,1040
1.0034e+006,1031
1.0036e+006,1018
1.0038e+006,1003
1.004e+006,1002
1.0042e+006,972
1.0044e+006,990
1.0046e+006,1004
1.0048e+006,931
1.005e+006,1032
1.0052e+006,998
1.0054e+006,1007
1.0056e+006,1001
1.0058e+006,993
1.006e+006,983
1.0062e+006,958
1.0064e+006,904
1.0066e+006,972
1.0068e+006,1001
1.007e+006,1004
1.0072e+006,1001
1.0074e+006,985
1.0076e+006,964
1.0078e+006,956
1.008e+006,989
1.0082e+006,996
1.0084e+006,928
1.0086e+006,988
1.0088e+006,976
1.009e+006,952
1.0092e+006,929
1.0094e+006,947
1.0096e+006,946
1.0098e+006,946
1.01e+006,949
1.0102e+006,948
1.0104e+006,921
1.0106e+006,1009
1.0108e+006,935
1.011e+006,1005
1.0112e+006,1032
1.0114e+006,1035
1.0116e+006,1033
1.0118e+006,1007
1.012e+006,981
1.0122e+006,982
1.0124e+006,959
1.0126e+006,988
1.0128e+006,1017
1.013e+006,1018
1.0132e+006,1021
1.0134e+006,997
1.0136e+006,1024
1.0138e+006,1037
1.014e+006,1030
1.0142e+006,1041
1.0144e+006,1029
1.0146e+006,1057
1.0148e+006,965
1.015e+006,1077
1.0152e+006,1063
1.0154e+006,1056
1.0156e+006,1070
1.0158e+006,1075
1.016e+006,1022
1.0162e+006,1042
1.0164e+006,1009
1.0166e+006,1096
1.0168e+006,1121
1.017e+006,1098
1.0172e+006,1081
1.0174e+006,1079
1.0176e+006,1040
1.0178e+006,1054
1.018e+006,1030
1.0182e+006,1011
1.0184e+006,1006
1.0186e+006,1088
1.0188e+006,1066
1.019e+006,1038
1.0192e+006,1043
1.0194e+006,1033
1.0196e+006,1032
1.0198e+006,1026
1.02e+006,1034
1.0202e+006,1061
1.0204e+006,985
1.0206e+006,1031
1.0208e+006,974
1.021e+006,1079
1.0212e+006,1054
1.0214e+006,1027
1.0216e+006,1032
1.0218e+006,1047
1.022e+006,1070
1.0222e+006,1020
1.0224e+006,1037
1.0226e+006,1056
1.0228e+006,947
1.023e+006,1017
1.0232e+006,1022
1.0234e+006,985
1.0236e+006,973
1.0238e+006,1010
